Product,TotalAudits,FailedAudits,AvgRiskScore,AvgOperatingEffectiveness
Insurance,259,58,48.75520824127682,76.19023589975365
Investment,263,68,50.07905134760424,75.57462180919292
Loan,267,55,50.86263811652053,74.43490468109106
Mortgage,211,57,53.66358626492308,74.10791526765047
